keys,en,es
UI_TITLE,{{TITLE}},{{TITLE}}
UI_PLAY,PLAY,JUGAR
UI_OPTIONS,OPTIONS,OPCIONES
UI_CREDITS,CREDITS,CRÉDITOS
UI_GALLERIES,GALLERIES,GALERÍAS
UI_QUIT,QUIT,SALIR
UI_PAUSED,PAUSED,PAUSA
UI_RESUME,RESUME,CONTINUAR
UI_MAIN_MENU,MAIN MENU,MENÚ PRINCIPAL
UI_BACK,BACK,VOLVER
UI_LANGUAGE,Language,Idioma
UI_VOLUME_MASTER,Master volume,Volumen general
UI_VOLUME_MUSIC,Music,Música
UI_VOLUME_EFFECTS,Effects,Efectos
UI_VSYNC,VSync,Sincronización vertical
UI_FRAME_CAP,Frame cap,Límite de fotogramas
UI_OPT_EN,English,English
UI_OPT_ES,Español,Español
UI_OPT_ON,On,Sí
UI_OPT_OFF,Off,No
UI_OPT_30,30,30
UI_OPT_60,60,60
UI_OPT_120,120,120
UI_OPT_144,144,144
BIOME_RUINS,Ruins,Ruinas
CREDITS_OWNER,…,…
CREDITS_MADE_WITH,Made with Godot Engine,Hecho con Godot Engine
